enrollmentNo,password
9921103121,Hello
9921103133,Hello
9921103125,yolo
9921103219,G
EN3,password3
EN4,password4
EN5,password5
EN6,password6
EN7,password7
EN8,password8
EN1,password1
EN2,password2
EN12,password12
EN11,password11
EN13,password13
EN14,password14
EN15,password15
EN16,password16
EN17,password17
EN18,password18
EN19,password19
EN20,password20
EN21,password21
EN22,password22
EN23,password23
EN24,password24
EN25,password25
EN9,password9
EN10,password10
EN28,password28
EN29,password29
EN30,password30
EN32,password32
EN31,password31
EN33,password33
EN34,password34
EN35,password35
EN36,password36
EN37,password37
EN38,password38
EN39,password39
EN42,password42
EN40,password40
EN41,password41
EN43,password43
EN46,password46
EN44,password44
EN45,password45
EN47,password47
EN48,password48
EN51,password51
EN49,password49
EN50,password50
EN52,password52
EN53,password53
EN27,password27
EN57,password57
EN26,password26
EN56,password56
EN58,password58
EN59,password59
EN60,password60
EN61,password61
EN62,password62
EN63,password63
EN68,password68
EN66,password66
EN64,password64
EN65,password65
EN67,password67
EN69,password69
EN70,password70
EN71,password71
EN72,password72
EN73,password73
EN74,password74
EN75,password75
EN76,password76
EN77,password77
EN78,password78
EN79,password79
EN80,password80
EN81,password81
EN82,password82
EN83,password83
EN84,password84
EN86,password86
EN85,password85
EN87,password87
EN88,password88
EN89,password89
EN90,password90
EN54,password54
EN55,password55
EN94,password94
EN93,password93
EN95,password95
EN96,password96
EN97,password97
EN98,password98
EN99,password99
EN100,password100
EN101,password101
EN102,password102
EN103,password103
EN104,password104
EN105,password105
EN106,password106
EN107,password107
EN108,password108
EN109,password109
EN110,password110
EN113,password113
EN114,password114
EN111,password111
EN112,password112
EN115,password115
EN116,password116
EN118,password118
EN117,password117
EN122,password122
EN119,password119
EN120,password120
EN121,password121
EN124,password124
EN123,password123
EN125,password125
EN126,password126
EN127,password127
EN128,password128
EN129,password129
EN130,password130
EN131,password131
EN132,password132
EN133,password133
EN134,password134
EN135,password135
EN136,password136
EN139,password139
EN140,password140
EN138,password138
EN137,password137
EN141,password141
EN91,password91
EN142,password142
EN145,password145
EN143,password143
EN92,password92
EN147,password147
EN148,password148
EN149,password149
EN151,password151
EN150,password150
EN155,password155
EN159,password159
EN160,password160
EN154,password154
EN158,password158
EN162,password162
EN156,password156
EN161,password161
EN153,password153
EN157,password157
EN152,password152
EN165,password165
EN163,password163
EN164,password164
EN168,password168
EN169,password169
EN167,password167
EN166,password166
EN170,password170
EN173,password173
EN171,password171
EN172,password172
EN174,password174
EN175,password175
EN176,password176
EN177,password177
EN179,password179
EN182,password182
EN178,password178
EN180,password180
EN181,password181
EN183,password183
EN184,password184
EN144,password144
EN146,password146
EN187,password187
EN188,password188
EN190,password190
EN189,password189
EN191,password191
EN194,password194
EN192,password192
EN193,password193
EN195,password195
EN196,password196
EN197,password197
EN200,password200
EN203,password203
EN199,password199
EN201,password201
EN202,password202
EN198,password198
EN205,password205
EN204,password204
EN206,password206
EN207,password207
EN208,password208
EN209,password209
EN210,password210
EN211,password211
EN212,password212
EN213,password213
EN214,password214
EN215,password215
EN216,password216
EN217,password217
EN219,password219
EN218,password218
EN220,password220
EN221,password221
EN222,password222
EN224,password224
EN223,password223
EN225,password225
EN226,password226
EN227,password227
EN228,password228
EN229,password229
EN230,password230
EN231,password231
EN232,password232
EN233,password233
EN236,password236
EN235,password235
EN237,password237
EN238,password238
EN241,password241
EN239,password239
EN242,password242
EN244,password244
EN243,password243
EN240,password240
EN234,password234
EN255,password255
EN249,password249
EN253,password253
EN251,password251
EN257,password257
EN258,password258
EN252,password252
EN256,password256
EN250,password250
EN246,password246
EN186,password186
EN254,password254
EN245,password245
EN248,password248
EN185,password185
EN261,password261
EN262,password262
EN263,password263
EN264,password264
EN267,password267
EN265,password265
EN260,password260
EN266,password266
EN271,password271
EN270,password270
EN269,password269
EN273,password273
EN268,password268
EN274,password274
EN272,password272
EN247,password247
EN279,password279
EN278,password278
EN276,password276
EN281,password281
EN285,password285
EN284,password284
EN280,password280
EN282,password282
EN283,password283
EN277,password277
EN290,password290
EN287,password287
EN289,password289
EN291,password291
EN286,password286
EN288,password288
EN293,password293
EN294,password294
EN292,password292
EN295,password295
EN296,password296
EN299,password299
EN297,password297
EN298,password298
EN301,password301
EN303,password303
EN300,password300
EN308,password308
EN305,password305
EN307,password307
EN304,password304
EN302,password302
EN306,password306
EN309,password309
EN310,password310
EN311,password311
EN259,password259
EN314,password314
EN313,password313
EN315,password315
EN318,password318
EN317,password317
EN319,password319
EN320,password320
EN316,password316
EN322,password322
EN321,password321
EN323,password323
EN324,password324
EN325,password325
EN328,password328
EN327,password327
EN326,password326
EN329,password329
EN330,password330
EN331,password331
EN275,password275
EN334,password334
EN333,password333
EN336,password336
EN343,password343
EN344,password344
EN341,password341
EN345,password345
EN337,password337
EN342,password342
EN355,password355
EN338,password338
EN340,password340
EN335,password335
EN339,password339
EN351,password351
EN353,password353
EN346,password346
EN348,password348
EN356,password356
EN352,password352
EN349,password349
EN347,password347
EN350,password350
EN354,password354
EN362,password362
EN359,password359
EN365,password365
EN361,password361
EN358,password358
EN360,password360
EN364,password364
EN357,password357
EN363,password363
EN366,password366
EN332,password332
EN373,password373
EN368,password368
EN370,password370
EN371,password371
EN367,password367
EN372,password372
EN369,password369
EN312,password312
EN374,password374
EN377,password377
EN382,password382
EN380,password380
EN379,password379
EN378,password378
EN383,password383
EN381,password381
EN384,password384
EN391,password391
EN393,password393
EN386,password386
EN390,password390
EN387,password387
EN392,password392
EN388,password388
EN396,password396
EN389,password389
EN395,password395
EN397,password397
EN394,password394
EN385,password385
EN399,password399
EN402,password402
EN398,password398
EN403,password403
EN404,password404
EN400,password400
EN401,password401
EN405,password405
EN409,password409
EN407,password407
EN413,password413
EN414,password414
EN416,password416
EN411,password411
EN415,password415
EN410,password410
EN408,password408
EN412,password412
EN406,password406
EN417,password417
EN418,password418
EN420,password420
EN419,password419
EN423,password423
EN421,password421
EN422,password422
EN424,password424
EN425,password425
EN426,password426
EN427,password427
EN431,password431
EN429,password429
EN432,password432
EN433,password433
EN428,password428
EN430,password430
EN449,password449
EN448,password448
EN443,password443
EN442,password442
EN447,password447
EN440,password440
EN454,password454
EN437,password437
EN446,password446
EN452,password452
EN445,password445
EN451,password451
EN435,password435
EN375,password375
EN444,password444
EN434,password434
EN436,password436
EN441,password441
EN453,password453
EN439,password439
EN450,password450
EN376,password376
EN458,password458
EN456,password456
EN457,password457
EN459,password459
EN461,password461
EN460,password460
EN463,password463
EN462,password462
EN464,password464
EN466,password466
EN465,password465
EN467,password467
EN468,password468
EN469,password469
EN471,password471
EN472,password472
EN438,password438
EN475,password475
EN470,password470
EN477,password477
EN474,password474
EN476,password476
EN478,password478
EN479,password479
EN481,password481
EN480,password480
EN489,password489
EN482,password482
EN487,password487
EN485,password485
EN488,password488
EN486,password486
EN483,password483
EN484,password484
EN490,password490
EN491,password491
EN492,password492
EN494,password494
EN493,password493
EN495,password495
EN496,password496
EN501,password501
EN499,password499
EN504,password504
EN498,password498
EN502,password502
EN497,password497
EN500,password500
EN503,password503
EN506,password506
EN505,password505
EN455,password455
EN510,password510
EN508,password508
EN511,password511
EN509,password509
EN512,password512
EN515,password515
EN513,password513
EN516,password516
EN473,password473
EN517,password517
EN518,password518
EN519,password519
EN522,password522
EN521,password521
EN520,password520
EN527,password527
EN523,password523
EN531,password531
EN530,password530
EN524,password524
EN525,password525
EN529,password529
EN526,password526
EN532,password532
EN536,password536
EN537,password537
EN534,password534
EN555,password555
EN533,password533
EN528,password528
EN535,password535
EN538,password538
EN542,password542
EN549,password549
EN541,password541
EN545,password545
EN553,password553
EN539,password539
EN552,password552
EN554,password554
EN546,password546
EN543,password543
EN540,password540
EN544,password544
EN551,password551
EN556,password556
EN550,password550
EN548,password548
EN558,password558
EN560,password560
EN547,password547
EN557,password557
EN562,password562
EN559,password559
EN561,password561
EN563,password563
EN564,password564
EN565,password565
EN568,password568
EN567,password567
EN570,password570
EN569,password569
EN566,password566
EN572,password572
EN571,password571
EN573,password573
EN574,password574
EN577,password577
EN514,password514
EN575,password575
EN579,password579
EN578,password578
EN580,password580
EN584,password584
EN582,password582
EN581,password581
EN588,password588
EN589,password589
EN591,password591
EN585,password585
EN587,password587
EN507,password507
EN592,password592
EN586,password586
EN583,password583
EN593,password593
EN594,password594
EN596,password596
EN599,password599
EN609,password609
EN597,password597
EN600,password600
EN603,password603
EN595,password595
EN598,password598
EN608,password608
EN604,password604
EN601,password601
EN610,password610
EN602,password602
EN605,password605
EN607,password607
EN606,password606
EN613,password613
EN614,password614
EN616,password616
EN617,password617
EN622,password622
EN611,password611
EN612,password612
EN615,password615
EN618,password618
EN619,password619
EN620,password620
EN621,password621
EN623,password623
EN629,password629
EN627,password627
EN626,password626
EN625,password625
EN631,password631
EN632,password632
EN624,password624
EN628,password628
EN630,password630
EN633,password633
EN634,password634
EN635,password635
EN636,password636
EN642,password642
EN658,password658
EN662,password662
EN657,password657
EN637,password637
EN655,password655
EN644,password644
EN649,password649
EN660,password660
EN641,password641
EN661,password661
EN639,password639
EN652,password652
EN647,password647
EN651,password651
EN645,password645
EN640,password640
EN646,password646
EN654,password654
EN653,password653
EN648,password648
EN659,password659
EN656,password656
EN650,password650
EN643,password643
EN638,password638
EN664,password664
EN665,password665
EN663,password663
EN668,password668
EN669,password669
EN666,password666
EN667,password667
EN670,password670
EN672,password672
EN673,password673
EN676,password676
EN677,password677
EN679,password679
EN671,password671
EN675,password675
EN674,password674
EN682,password682
EN683,password683
EN680,password680
EN685,password685
EN686,password686
EN684,password684
EN678,password678
EN689,password689
EN681,password681
EN687,password687
EN688,password688
EN576,password576
EN692,password692
EN693,password693
EN694,password694
EN590,password590
EN702,password702
EN699,password699
EN703,password703
EN705,password705
EN697,password697
EN696,password696
EN695,password695
EN707,password707
EN700,password700
EN704,password704
EN698,password698
EN706,password706
EN708,password708
EN701,password701
EN712,password712
EN718,password718
EN709,password709
EN711,password711
EN717,password717
EN715,password715
EN710,password710
EN714,password714
EN716,password716
EN719,password719
EN713,password713
EN721,password721
EN722,password722
EN720,password720
EN723,password723
EN725,password725
EN727,password727
EN728,password728
EN724,password724
EN729,password729
EN726,password726
EN730,password730
EN732,password732
EN733,password733
EN737,password737
EN731,password731
EN736,password736
EN734,password734
EN735,password735
EN738,password738
EN739,password739
EN741,password741
EN740,password740
EN762,password762
EN758,password758
EN746,password746
EN766,password766
EN742,password742
EN745,password745
EN770,password770
EN761,password761
EN760,password760
EN755,password755
EN767,password767
EN764,password764
EN757,password757
EN763,password763
EN768,password768
EN747,password747
EN743,password743
EN769,password769
EN753,password753
EN765,password765
EN752,password752
EN754,password754
EN690,password690
EN749,password749
EN748,password748
EN756,password756
EN772,password772
EN751,password751
EN773,password773
EN750,password750
EN744,password744
EN774,password774
EN775,password775
EN759,password759
EN780,password780
EN779,password779
EN776,password776
EN784,password784
EN691,password691
EN783,password783
EN777,password777
EN782,password782
EN781,password781
EN778,password778
EN793,password793
EN792,password792
EN791,password791
EN794,password794
EN789,password789
EN796,password796
EN788,password788
EN787,password787
EN786,password786
EN795,password795
EN798,password798
EN803,password803
EN801,password801
EN800,password800
EN802,password802
EN799,password799
EN797,password797
EN790,password790
EN821,password821
EN805,password805
EN808,password808
EN809,password809
EN817,password817
EN810,password810
EN812,password812
EN804,password804
EN822,password822
EN816,password816
EN818,password818
EN815,password815
EN819,password819
EN823,password823
EN820,password820
EN806,password806
EN807,password807
EN811,password811
EN814,password814
EN813,password813
EN827,password827
EN824,password824
EN825,password825
EN826,password826
EN829,password829
EN828,password828
EN831,password831
EN830,password830
EN832,password832
EN833,password833
EN835,password835
EN839,password839
EN834,password834
EN836,password836
EN837,password837
EN838,password838
EN844,password844
EN841,password841
EN842,password842
EN843,password843
EN846,password846
EN840,password840
EN845,password845
EN847,password847
EN848,password848
EN855,password855
EN856,password856
EN871,password871
EN877,password877
EN868,password868
EN874,password874
EN852,password852
EN873,password873
EN851,password851
EN857,password857
EN850,password850
EN859,password859
EN878,password878
EN858,password858
EN867,password867
EN866,password866
EN875,password875
EN876,password876
EN849,password849
EN869,password869
EN860,password860
EN872,password872
EN854,password854
EN862,password862
EN870,password870
EN853,password853
EN861,password861
EN865,password865
EN879,password879
EN863,password863
EN864,password864
EN771,password771
EN884,password884
EN882,password882
EN883,password883
EN885,password885
EN886,password886
EN881,password881
EN889,password889
EN890,password890
EN888,password888
EN887,password887
EN896,password896
EN891,password891
EN892,password892
EN893,password893
EN898,password898
EN894,password894
EN895,password895
EN899,password899
EN897,password897
EN912,password912
EN911,password911
EN902,password902
EN903,password903
EN907,password907
EN910,password910
EN901,password901
EN909,password909
EN904,password904
EN900,password900
EN905,password905
EN906,password906
EN908,password908
EN915,password915
EN914,password914
EN785,password785
EN918,password918
EN916,password916
EN922,password922
EN920,password920
EN919,password919
EN921,password921
EN924,password924
EN926,password926
EN927,password927
EN928,password928
EN923,password923
EN939,password939
EN937,password937
EN931,password931
EN929,password929
EN930,password930
EN932,password932
EN934,password934
EN917,password917
EN940,password940
EN936,password936
EN933,password933
EN925,password925
EN935,password935
EN938,password938
EN941,password941
EN944,password944
EN942,password942
EN943,password943
EN945,password945
EN946,password946
EN947,password947
EN880,password880
EN949,password949
EN950,password950
EN951,password951
EN954,password954
EN970,password970
EN980,password980
EN986,password986
EN976,password976
EN979,password979
EN983,password983
EN975,password975
EN963,password963
EN965,password965
EN968,password968
EN987,password987
EN981,password981
EN962,password962
EN953,password953
EN974,password974
EN955,password955
EN952,password952
EN959,password959
EN964,password964
EN982,password982
EN961,password961
EN958,password958
EN957,password957
EN984,password984
EN960,password960
EN977,password977
EN972,password972
EN973,password973
EN985,password985
EN969,password969
EN956,password956
EN971,password971
EN967,password967
EN978,password978
EN966,password966
EN913,password913
EN991,password991
EN990,password990
EN992,password992
EN989,password989
EN948,password948
EN994,password994
EN996,password996
EN998,password998
EN995,password995
EN997,password997
EN999,password999
EN1000,password1000
EN993,password993
EN988,password988
